vib_rms,power_w,temp_c,rpm,label
0.12850459565811168,250.2441263912127,32.11583991097061,1798.0676415890582,0
0.1380317032647152,249.64295383902976,31.30652295333226,1794.6459098253918,0
0.14154016587335308,246.93381648890863,31.68629338900341,1792.5543434713277,0
0.13002622431653502,248.73387150030257,31.50130151842011,1795.2344521580549,0
0.12017210747926182,249.58780036553233,31.956864896733524,1802.1646072542787,0
0.3803101845389233,251.45678203253087,32.22082410012106,1805.0127478853256,1
0.11579225275868188,253.09752310442786,31.981963310171423,1802.2456104494881,0
0.12302183744545313,252.10155372395224,32.325504068117034,1805.5341975826627,0
0.12143300248614157,251.48885152672733,31.567296863513274,1794.6273839680814,0
0.12710144860100414,250.88326961202998,32.155030172751566,1803.350044088724,0
0.14546585517056193,253.8697929731009,32.832114747587795,1808.337938169639,0
0.12921855296350576,248.6482643478243,32.365051329836064,1807.6494478575614,0
0.12818844974793164,248.99528699932114,31.798261436468614,1799.1931502175535,0
0.12950849969627082,247.75911426938572,31.92313693823246,1801.732280040595,0
0.12107016617814755,252.8791437159398,32.25761836234753,1805.4798619178378,0
0.1212065632310688,250.02610468894048,32.551789015867044,1804.8628350981935,0
0.13078420060914459,248.6563117118044,32.6406284805802,1807.0831200560458,0
0.12564892664630806,252.06247650572962,32.02185261823468,1798.551111390398,0
0.1345429700432757,249.52820896903256,31.754856109496288,1795.3363654645311,0
0.12134728195023659,247.40419630294048,32.12549816095182,1801.3982307915328,0
0.12813717061468474,248.98491955760397,31.60784420703194,1794.074974503421,0
0.3798403224129816,247.94715202515886,31.75705776813655,1797.6353501789397,1
0.1318795059018013,251.55302252044103,31.665310658154407,1798.357223572525,0
0.1292095062823955,253.74838345036062,32.801327450326454,1807.7390525523374,0
0.12993839646624408,248.88236097417868,32.78078785862637,1806.7891634834034,0
0.1287710851797582,247.18179539950395,32.25306780013875,1800.7782367573157,0
0.11379216877765522,249.1512285572101,31.889059143521703,1800.6974307154908,0
0.12553159191391253,249.04936846803497,31.95242586360566,1799.2643936319955,0
0.13907805644731108,250.52724762855235,32.61639283067375,1809.5665431647317,0
0.1303900541750243,246.3785898735597,31.652279651970055,1794.8317631447765,0
0.130593808771492,251.52934858133546,32.55157358758689,1808.8479556648338,0
0.12870707741977883,248.113103603766,31.964293923915346,1798.2626574433978,0
0.3733672243919485,250.2773448203543,32.10724870542538,1800.3483150883653,1
0.1295355205388623,248.66711437910647,32.52467405221765,1807.9025751654326,0
0.1311471648727467,249.34045198479612,32.146164845627155,1805.4526518533805,0
0.12278409399507643,252.1659350962045,31.91258716009885,1797.4753064654672,0
0.1289263916050207,252.30296285183633,31.785384882322333,1800.2162596197247,0
0.13188927255437793,251.14857653915104,32.621743573016275,1805.3926281611944,0
0.13521607652460502,250.14991435931915,31.95002083951846,1796.3961423093308,0
0.12907699151050853,252.4246493136218,32.180964859780424,1800.5673931557285,0
0.12388460175597284,253.35000760382974,32.176565077960255,1805.3260137370403,0
0.13272193273504634,246.17969874131765,31.382807031604212,1795.2740513235574,0
0.13099912929880603,249.0620072265512,32.433533282965776,1803.979952054377,0
0.12679096861003677,250.73029474859243,31.82079419858851,1799.0694297461619,0
0.1236102987741252,250.2626071259373,32.51045729870382,1805.8684017087817,0
0.11921496019914896,252.23050881753943,32.22968610461892,1799.3234971470931,0
0.13795732897123253,251.43283877799666,32.65835230701133,1808.2096256393527,0
0.12473586580981136,252.1552929587494,32.4384452767118,1807.1247732405911,0
0.39966865224735937,251.1443750013982,33.127211723919565,1810.6856822214752,1
0.1504614091613161,254.68326801277536,32.802043000208094,1810.5641563902213,0
0.1280124602355949,248.99060744341085,31.970647709371466,1800.4948634026289,0
0.38345065288893143,251.27807214652506,32.64289514271375,1804.765028477716,1
0.1243391896035893,251.14835375107972,32.755532682016906,1805.7687546494294,0
0.13975622054854145,250.57053540551047,32.746470999349135,1807.8532694343996,0
0.1453874114555978,254.10358017289846,32.90790664016733,1809.0229825419979,0
0.13133846950246875,251.96232844336842,32.512544742856605,1804.1695954434567,0
0.13842655352981975,249.44623214197708,32.73939287319176,1810.4574472385104,0
0.12712417317951058,248.1548322690874,31.728507591465114,1796.8643597573205,0
0.1327538077114341,248.5939821636259,31.470337053319888,1796.8491017508795,0
0.3738938110715311,251.59930800185748,32.54509175272294,1804.788695260797,1
0.12615009209852868,250.34421433901986,31.805317192287827,1797.3313051668367,0
0.14083815509492933,253.9652294758616,32.984941234424895,1812.1895128180522,0
0.11784859446771791,253.43663265201434,32.04073701278171,1803.6707897997044,0
0.12917405781489888,249.3523576832399,32.573698623187845,1807.854085706741,0
0.13435846438066087,249.68350989784324,32.57493822747229,1805.5772584231531,0
0.1395684071107977,251.0776596713167,32.72597211895127,1808.6669960930553,0
0.3655420705856523,248.16931391621662,32.36487569880091,1802.6271004065286,1
0.3787652227491691,249.42275707398278,32.02559372794386,1797.6539672192157,1
0.12334164571937267,250.49209464433335,32.379187395315235,1804.9388041605862,0
0.12490021755677554,250.50714805027894,32.64082168497397,1806.9970686806673,0
0.3837019438640151,248.92513297333582,32.63501675397845,1805.264035615818,1
0.13684115552632406,254.00268939962666,32.32093254235917,1807.5628219504274,0
0.12629497428274608,250.915393218458,32.371169589982046,1803.5649582364579,0
0.38531076020769495,248.82308407190743,32.56486423303729,1803.6018736842868,1
0.3636757872984596,250.93721711299744,31.639455972057288,1799.1065359583295,1
0.11580027296650625,252.36694597819468,32.420318556653264,1802.6674171258949,0
0.12353080834927954,252.17915645393097,32.07996424267122,1799.524024293159,0
0.13466583310160463,253.40422231018607,32.71390243258319,1810.558521113005,0
0.14468077192412437,254.11011468319617,33.0371870144776,1813.6202051041344,0
0.144046665236074,253.79723702872062,33.23371903864875,1812.7333923442868,0
0.12098452083508353,251.87959219189506,32.206352808562684,1799.5602633069368,0
0.3848317761810171,254.6476439421426,32.918121933296945,1812.3075115757056,1
0.13532587725321332,251.0088634170413,32.52258655280897,1803.156867157231,0
0.1271563612024913,251.98758706302058,32.29924927482256,1805.2915351475465,0
0.38352427491250357,251.91953558485318,33.04177699973792,1810.8500764257649,1
0.14184513196240217,250.37368442296372,32.528560233113474,1807.045524153618,0
0.37358240713301555,247.71636018473887,32.20562821369809,1800.6090229333452,1
0.3956463973444787,252.96628101721942,32.51202565016538,1809.6045980793358,1
0.11785687265536864,249.19042177577916,32.277125477490856,1799.8142716298769,0
0.4024284842047994,251.72004035815135,33.386037458278544,1813.6804602498103,1
0.140537010908793,254.42285767571522,32.917145378795624,1811.0262853619267,0
0.13245565938615586,248.5152398432556,32.23011004871139,1806.5412232731367,0
0.12613442152554488,250.60942974520424,32.138067138879094,1800.6067619701182,0
0.13695442966991975,249.20399527066846,32.25472513601434,1804.7912235530653,0
0.11275410163356848,252.1766773766783,32.2062911602423,1799.0545483027215,0
0.15070533443008857,255.4823576005002,32.92940788852372,1814.814124371031,0
0.1372178284991437,252.3967791288453,32.8425295015423,1809.0635036018941,0
0.14257509677269106,255.12849387273553,32.80550114743873,1813.4779164904232,0
0.1283795892868942,249.283603864797,32.58535818377178,1806.4159828136358,0
0.12124473019425971,253.7184722169434,32.43779516530892,1804.84501872748,0
0.13704595038407716,253.75975594349325,32.855873742140496,1810.4276990291753,0
0.130299804323987,253.04521483164868,32.40051868931725,1801.9245297327618,0
0.39705990140810876,253.85286319369501,32.68715909141551,1809.2026658705142,1
0.12646091929641246,252.90117003461984,31.915883912895797,1799.875073659612,0
0.14744686098777424,253.67708511164767,32.650477435237896,1809.024286515741,0
0.1296323227881985,248.61302930136816,32.51545895538598,1807.0820906747922,0
0.15524080021650122,252.61031594636785,33.312153142972605,1812.6540317375116,0
0.14460354514069546,252.37235729138538,33.39605175863971,1814.8282915529157,0
0.14465503169748414,253.7375999093025,33.26699180416712,1815.0410877937074,0
0.13457328775682698,251.12461035147015,32.21380750911862,1805.5709119224855,0
0.13749166781717242,251.84644562296376,32.86945014185843,1808.2267655208414,0
0.12342269118269003,252.6870569231198,32.294290643327315,1806.4235188282116,0
0.1353204565712458,249.12064042936322,32.73149957928576,1811.2965135297552,0
0.1378158258818419,254.14092163668556,32.69799952471453,1809.5331637206837,0
0.13469356302004887,252.24116386499335,32.84070010258962,1808.3813536868117,0
0.15935713056403097,252.72698178394933,33.02125921098946,1815.4126890304005,0
0.13511068754938899,250.3457589719829,32.89835257195255,1807.6291628347658,0
0.1209530849264983,248.52206917769232,32.08053761639661,1804.1877452441427,0
0.11889533384772658,249.54719959432012,32.29483413327167,1802.6288660798718,0
0.3795524441142958,249.6032783149757,32.74477651072314,1808.0530233451316,1
0.12000899399161141,248.11440579008922,32.12590557566224,1803.2343921530382,0
0.13321634160102316,251.4542886193347,32.46103800624594,1807.9654721900308,0
0.12512475193329523,247.7215611646062,32.2823160050845,1801.2833720717385,0
0.14643652459608117,254.6181151257407,32.9726056412384,1815.4494858165685,0
0.12486703286344573,250.57832108383175,32.12391322630675,1803.728795403809,0
0.13842899796717575,248.43326134574863,32.51670399785991,1806.7397896022503,0
0.14485606102129361,252.40870700770014,33.22202458977153,1812.3112560894901,0
0.13108246905191687,250.0764346938263,32.66889271904191,1808.1165294896111,0
0.11690719162423942,249.20602494665525,32.00037675872225,1801.3391157421543,0
0.15423451153864723,254.4937492956622,33.282254078362726,1815.3262325778787,0
0.12679304887909756,251.92769723178716,32.22451298583833,1802.52811325934,0
0.12373772117663359,251.45835022036908,32.12930855342567,1803.2380376243304,0
0.13602236559771114,249.67497897936758,32.84818391769873,1806.9534346052867,0
0.12073469953018633,248.7962986301574,32.14841751963051,1803.7605360324976,0
0.11989954946449594,250.8936070470352,32.56985423682638,1804.1474372756315,0
0.15225701844254405,255.90381418119887,33.139219599766,1817.1499532308146,0
0.14254424836367005,253.63324401497476,33.019801560861715,1814.5632483079344,0
0.1365121099163101,253.49908512303102,32.879468735406114,1810.4562640215522,0
0.13372150632455918,249.67569528206877,32.49803381320466,1806.784649375435,0
0.1444911364037153,249.9841497694189,32.78783321095467,1811.4331859876315,0
0.3872159622915976,249.65003696712859,32.550449191202226,1810.2419383638596,1
0.16143122948421734,251.6988805796238,33.30276192966982,1817.6168702835623,0
0.14742733778838712,251.99066874644816,33.177215805060065,1813.997907008692,0
0.16282701098840482,250.76316589067,33.53943055567562,1816.7632363875373,0
0.14525088324550914,254.49961010657597,33.16557815562634,1816.9604789490868,0
0.1568499561435735,250.99477881186027,33.021647822230804,1815.4723049531879,0
0.13267806461685314,250.98206336687835,32.56370964025599,1804.6870601014646,0
0.15863104344429552,252.54172437035908,33.22742925064814,1816.149527327432,0
0.14409709505862378,251.73936401151374,32.646623022702435,1809.5724537275494,0
0.15410660636776569,255.43003208888103,33.259756698643365,1816.617774572743,0
0.1308535584238195,249.75637945055772,32.595875168663724,1804.1496986811956,0
0.15074567124949265,255.0702359452027,33.275101629955756,1815.0382247049831,0
0.3745994889046394,252.33035130518758,32.27222148501133,1804.814853054175,1
0.15065583980993774,251.1333379290187,33.082296294432524,1811.5602635373514,0
0.12108147108960471,250.15157654922905,32.549139288759314,1804.2658489214825,0
0.13434079161903414,252.21083584188202,32.2333804471865,1804.9478701255864,0
0.14244708683424728,251.54117547007326,33.12207889225289,1813.7055528280541,0
0.1523980444704772,252.86632627403318,33.42527572226785,1817.1905080676022,0
0.3804409266254549,251.5978091869068,32.464664021120704,1805.1615765238828,1
0.15473131148498265,254.18848324644924,33.596416882018104,1816.7143239065992,0
0.14978232279133818,253.1833802812173,32.921785649268635,1814.128277794001,0
0.15780620102923087,252.3415709978234,33.43241343970522,1814.6474153855477,0
0.14983993994884623,255.88625306493452,33.697206304858796,1818.6733431623904,0
0.1405172467972438,249.3569171777179,32.956252970240605,1811.2685963599206,0
0.1483977272563566,252.24450910557368,32.971888966704114,1815.8638719112669,0
0.1525123848964316,254.62660636592412,33.33074043095986,1817.7866604292535,0
0.1262433900935006,249.26668439076877,32.5085136971158,1806.7131248429523,0
0.136992785965604,252.26057182016268,33.03870385997171,1809.8724539916357,0
0.12041887531347191,253.38365594266364,32.372448662253106,1803.4290779880384,0
0.14974386915039248,251.7957446322001,32.543465165386124,1809.9031920567368,0
0.12298168662237892,253.17884746508633,32.50131927265819,1804.3917873802336,0
0.38227862285029535,251.5444023549043,32.23542115863267,1806.4186419740477,1
0.15213754702973323,252.4930532295157,33.237962966576085,1815.8248708215908,0
0.1384769213225336,254.40616601021765,32.78667849606356,1812.419179356314,0
0.3918521940528136,251.15990331351156,32.62133493140746,1809.4861015940166,1
0.13529752832088995,248.25329040846273,32.61434531661592,1806.0595247413435,0
0.125006053859808,248.93971737133234,32.68760937034806,1807.3059215523604,0
0.12778923723247818,248.768950701595,32.61267092917287,1806.5127908057718,0
0.15712321154583148,252.129794460615,33.434170451043435,1815.2594071272458,0
0.39198602111255354,248.34334896785623,32.43826082784186,1807.0296523710656,1
0.12787382351504867,251.78030969901087,32.2857239148544,1807.1225574066264,0
0.15308695397911903,251.8190952256523,33.64049041484953,1818.1253034725808,0
0.1491492939237021,251.85643833215218,32.9274908151625,1813.3331578833597,0
0.1507931636726642,253.54580354296644,32.749643357062,1810.9120487667105,0
0.16364064266257936,255.01659536690667,33.42244264393761,1817.8747990623488,0
0.12960030038597406,251.589954767305,32.21191105934123,1804.3838080463784,0
0.1422854103277606,251.2879040980482,32.70485281062716,1806.2986833568448,0
0.14522655359198303,249.23115846881043,32.3886575043594,1808.4702887303865,0
0.14011308284266227,253.51607157904948,32.715893804534474,1808.5423375378125,0
0.13675470449771462,253.03123031484282,32.13230464447139,1804.3771658303763,0
0.14121337731971656,254.98000733280205,33.20726007461765,1813.8529758736238,0
0.13177549928851504,249.87295640830772,32.844797821290264,1810.418089976507,0
0.12621800705952366,250.3537659221826,32.514332260315726,1805.6555124329486,0
0.13607053263949564,252.20995669121427,32.93655147619183,1810.064049163516,0
0.4047199758808273,250.99581032584055,33.464839201059746,1815.0342669683112,1
0.1283358868020386,251.53586083111924,32.7493415797143,1808.6536852661768,0
0.13182593228158868,249.22328374011704,32.950306011004024,1809.8469836094566,0
0.14363304824868894,250.72269733232991,33.1105014969212,1812.468250738307,0
0.15018697985669022,253.6683509413027,33.506580966996296,1817.3720385560455,0
0.12491112850906831,253.7971521530868,32.737378380904914,1806.0873779453445,0
0.14270802944183106,252.7657694636446,32.63510507739913,1807.6245563621515,0
0.15746993610458976,251.2417501297506,33.33480686164204,1815.2430115366417,0
0.14544430548501328,248.72724155042633,32.955125552449225,1808.2815593456405,0
0.41053009142683483,256.0183365989487,33.37519267970769,1819.585593407891,1
0.16044679814365218,255.70264815224314,33.15676437386839,1815.9794371180608,0
0.15178481257939822,251.15504705424226,33.21297857494146,1812.4469123043484,0
0.37558029175084073,248.71161166512147,32.4969665272927,1805.4900575025433,1
0.1566487030759762,250.28594113287974,33.19005968407688,1816.0766838227005,0
0.14358650755323815,253.20437943313578,33.26289219868725,1813.6057287472984,0
0.3902183344207849,254.89632193447446,33.02898843643834,1814.865159394827,1
0.16686881432714293,255.22057084676163,33.54086069469173,1819.0437301784425,0
0.13943206083698884,251.80466355265582,33.01605067595084,1810.696721282402,0
0.16356680377571275,252.94472088786202,33.818503501456476,1819.1006677492112,0
0.14612813104171274,252.1804113359623,33.200012238624375,1816.9593243895424,0
0.13071142816033235,248.89550440148494,32.63494722533415,1809.9347821838026,0
0.14774042013995753,250.48279603093906,32.89649496773965,1812.073737243048,0
0.1540437584101019,255.4870027058693,33.181332317163495,1817.8460714472017,0
0.13889633471532206,255.2470207782351,33.09027306526565,1812.7778278967403,0
0.16299000013496376,253.75130484746387,33.72319855889088,1820.4176321186933,0
0.13011388306890434,253.15216744574224,32.48769643848288,1808.1925589130096,0
0.140330609083793,253.7054539237785,32.78765723346547,1806.3274456922622,0
0.14160037805950693,252.65532847741102,32.5951695531586,1808.2178042727126,0
0.1515203359298446,253.55580506436576,33.31642368843769,1818.521991816696,0
0.15711498916871255,251.2545197279817,32.93752297908285,1814.7828859580525,0
0.16675051872408914,255.41281342243948,33.85370955408906,1819.75398318939,0
0.14692886580227107,251.824513240751,32.90258411758113,1814.3799007704285,0
0.14596639318821558,251.4121914100045,33.37134419584977,1817.1727344350313,0
0.1335981229274456,251.11608677880483,32.75853184391591,1806.847596193583,0
0.16127141702200898,253.78839024134925,33.417129283574425,1818.8555469854139,0
0.16266811446434948,255.65840737397173,33.758418723811396,1819.7495388855905,0
0.15806089327114614,254.15087639396026,33.566666558528624,1817.0557320188802,0
0.41320844091297604,255.43425348208117,33.21880409233574,1817.7955128644987,1
0.15469216324578286,254.88013029220366,33.29691336690807,1818.9948930803,0
0.1579468173791106,250.44008687365147,33.711179014930394,1818.898731351947,0
0.15405862708848814,251.3868335757189,33.54560596874265,1815.7111782740774,0
0.1411573252996872,254.17776154209548,33.32861573801661,1814.508856261574,0
0.16526315411745265,256.42713309598975,33.60955194981416,1821.3053581273869,0
0.15319912179114478,252.57159565649462,33.78642665774214,1820.9211903045207,0
0.3809793500144494,251.99104510539,32.61176983112137,1807.0308444376951,1
0.1692279074816068,255.0844425242879,33.878107396542156,1819.9251751879465,0
0.14672206980209437,252.20682520433357,33.165936100735856,1818.1397993857572,0
0.1556395715439857,251.94669656517058,33.57883792262193,1818.3607587082254,0
0.1390313599762627,254.0871568122182,33.00118755669498,1812.8794417762147,0
0.1428475943403064,252.6584520325799,32.51893295932199,1809.618804149406,0
0.16129850518808125,256.5003583460562,33.496707101757714,1821.3259045836146,0
0.14819179843017513,255.84754038224713,33.24685641410574,1816.3537471916009,0
0.15519771467379073,250.87101035070307,33.475397587266215,1820.4678102966445,0
0.14363056111647735,254.9841332359265,33.18526946920963,1812.083181491323,0
0.16563626282235389,255.68830370235386,33.77467114885396,1820.1089129647364,0
0.14315911246269816,255.45086008545272,33.079090481524354,1816.2542944364366,0
0.1503518379599454,251.17162542947807,33.50914037813543,1819.0028370903487,0
0.1461643898193271,249.75517852205564,32.873614791400136,1813.1662494422492,0
0.387423253680097,251.6407621996371,33.02717604044734,1810.6080072508128,1
0.13457010277130876,251.94754263564278,32.53434917692267,1807.4856630384832,0
0.16053354958514593,250.38200063474522,33.61353463060468,1817.4682649036395,0
0.14583149338340126,249.30381499403433,32.48915667023985,1808.0491207590292,0
0.15375708082364356,249.9893947283666,33.42404326848268,1816.2820535769526,0
0.39640436313867644,249.84448285905253,32.92839288006661,1814.6959122572464,1
0.14691862137552403,253.43789221174995,32.80234162883755,1812.7839022051464,0
0.1314029101850378,252.5566213013133,32.57295168448943,1809.655776689175,0
0.124996691193506,251.5039319086493,32.82001796856528,1806.9786327602383,0
0.16689112216965213,252.7137916009999,33.76271457960971,1820.4282802541281,0
0.1365393861808879,253.30666509897816,32.86039153994884,1807.7937693289066,0
0.4082877296849432,250.51881442466885,33.362079166555134,1816.8279696249183,1
0.1484412907189491,250.20578966898773,32.635951583552114,1810.5028096935525,0
0.14970908681715633,253.10460715369288,32.76587541638549,1811.9575583371534,0
0.1455105868733462,255.76273778054528,33.369180748832164,1815.47074602336,0
0.40761952306258736,250.4945366931316,33.180323799115946,1817.0074791069808,1
0.14884978651364442,253.29660469509076,32.836947230262666,1810.7421682027384,0
0.39430826269683017,255.34577125175878,32.9830604930137,1813.443743718569,1
0.15982150196519793,255.0459733848174,33.68917298839968,1820.524596790703,0
0.15971990022914154,252.37666013566084,33.89184038607365,1820.6427408458362,0
0.1650219157747113,254.61999388986487,33.52890067754106,1821.2812920517208,0
0.1457880581793438,249.66276535216423,32.833791289450495,1808.8037038830155,0
0.17159913658741852,253.95969626349066,33.58904356042677,1822.2557173600135,0
0.1616159498304849,252.8741644640688,33.61996726307724,1820.6598013759456,0
0.1481046940924595,250.2332808843246,32.683306827821205,1809.3582238228769,0
0.13653457971389546,254.97146585542885,33.1207681353931,1811.9585532497642,0
0.13448640032040649,252.01685549101512,32.587747737144234,1810.5456211093278,0
0.15506204505964977,254.31076828433493,33.56204289851297,1820.0438798039486,0
0.12966738691348187,253.12246834412684,32.55792986476543,1809.4669791874055,0
0.15491459411341024,253.1042333812773,33.35854991155789,1814.4005955272046,0
0.1356185593668331,249.16264217882028,32.57609445709837,1810.1117835682467,0
0.1560731333191907,253.63997832320973,33.468843525960715,1821.815467519495,0
0.13463016840877295,250.0319432162714,32.956289334323635,1811.8993556138826,0
0.1736231708045336,254.8475437855392,33.4864413924034,1822.2934675480344,0
0.1480524221602703,253.5459796952385,33.14037723935283,1814.137745277566,0
0.13879652057640948,249.53438219168856,32.47287417782178,1807.3514526608383,0
0.16825216996437564,253.694512799816,33.54834553346858,1822.4000637999366,0
0.14621248878640603,254.4182017862541,32.89358289107345,1809.725091496722,0
0.40708678494246625,253.09744015259324,33.25905575423641,1814.854342626446,1
0.1671366768741176,252.21862773865783,33.85797241696184,1821.8032045792863,0
0.13856778518744914,253.32630503993425,33.148176769476464,1813.2179622906447,0
0.1335286749513228,253.60966711834146,32.9019251400074,1807.6952578684327,0
0.1595772827721906,252.30546936906092,33.42334838739734,1816.0034857730818,0
0.16048511636969642,254.9584291238266,33.59428411213132,1817.619706837082,0
0.16095012944540793,250.6399832367459,33.374539332670004,1820.0301737430955,0
0.1495382458109761,251.63794975856817,32.96285968205271,1812.8144508385894,0
0.1360606697354829,249.37555048973044,32.7845621625864,1810.75763859511,0
0.15457754002789348,252.45640400474474,33.48400057368105,1817.653829575941,0
0.14105854451480807,251.79660025363808,33.20933725452502,1815.2728515993397,0
0.14737895409816498,253.05105184148712,33.1163795480815,1813.3534515818137,0
0.16907933122075156,250.70659265320694,33.72962813780201,1819.9844286508264,0
0.14216392729756808,249.73919224812894,32.65661748123549,1807.1016581592842,0
0.13292955617880844,249.03926418975672,32.89654571344394,1807.948551217008,0
0.13833768782372602,253.81542535426402,32.75859928218516,1811.0959442626001,0
0.14826564125459704,250.7905805037132,33.02390538079188,1811.9713138850666,0
0.1415084869842464,249.69838177761898,32.52413480591868,1808.9430649524734,0
0.1580257435640727,251.8405316276427,33.23130612071663,1818.3397495857473,0
0.15047150446384314,249.91250282299353,33.36227447469381,1814.733486810359,0
0.17082494135787266,256.30494355533074,33.83861365886128,1822.2205820846684,0
0.13900425588009646,253.90969960075694,32.897936052669095,1810.3918432419812,0
0.15091949048291062,250.9266444293118,32.85448154250602,1812.6544900890167,0
0.1394703208814089,253.22352126248384,33.2029145237635,1813.7798073023578,0
0.1575086806578629,255.1261909835675,33.11165675500609,1816.3856028794896,0
0.13990102518047254,252.17810778197733,32.39664695849209,1808.5307975858036,0
0.14330880766532228,251.90833643969893,32.79131483600726,1810.7096404807994,0
0.13644691589793023,251.22164633777967,32.85150835386233,1809.1802702679222,0
0.14871705579348277,250.87808319670103,33.74072039639732,1818.0745850022001,0
0.14408397681522997,250.4385525467691,33.16431997735389,1816.2477947177251,0
0.3846553357773691,250.94097653094627,32.69891124658248,1810.0611038664147,1
0.15659399249815362,251.15509010221618,32.96404203182359,1815.2934311708532,0
0.1627923818342829,252.73799286798533,33.775855465558564,1821.066613051628,0
0.15862405866744556,253.53155524256135,33.71197461155102,1817.693637435229,0
0.1500884561268323,255.34157848986695,32.889786197931436,1814.421259904637,0
0.15674414942705187,250.82254231426342,33.261664042699046,1818.013797868795,0
0.1614336505764343,255.20488721254048,33.43395955801098,1819.067708043345,0
0.13448505832555804,254.88420743825571,32.79705907184357,1810.7183690294748,0
0.4016152328282997,253.54916072347385,33.45306290794021,1815.5980366414294,1
0.16459595691456608,255.11888291387874,33.29961226256176,1819.0373021547578,0
0.3803130925211494,250.51539414589305,32.4839106584845,1807.5254205614663,1
0.15997385624765081,253.32959240554985,33.78681614580704,1821.9316850172452,0
0.16147384156424407,252.959521086431,33.332847740616124,1816.5430010499779,0
0.1697100034350267,251.3970273101062,33.46903027430034,1820.5490495710742,0
0.15337835043863676,254.17710189798962,33.26747325772656,1813.008608318244,0
0.1416306320923831,250.16253965645626,32.691392710513945,1811.78551425854,0
0.14769920815191434,254.17406237625687,33.280556784716254,1812.4398833025039,0
0.16111281134192648,254.36095919340517,33.908517232929945,1820.685786482774,0
0.13733699566144097,249.62098011251302,32.776089050117854,1809.6818675529973,0
0.12863478399700598,254.2125219087869,32.35274547272608,1807.9657291069548,0
0.16087287766503672,254.0541411273413,33.74496092713134,1822.3182775016658,0
0.1314118376712526,252.25572439128243,32.76813874965655,1808.5455370105303,0
0.39416864668087115,251.42860988897112,32.47894637464649,1809.2767074797512,1
0.16940311970674488,256.9972909132421,33.554764941780775,1822.751207564787,0
0.13426150738445955,249.24391526504357,32.50067114097776,1809.0980022165538,0
0.14554788980824293,253.28907736284262,32.63021138613721,1807.8069763655917,0
0.143937410376493,251.66219260218563,33.01020074570538,1811.69829054913,0
0.15583536048917684,252.98141802801226,33.647587199403254,1820.9714551263808,0
0.16541325674016766,250.66863188463256,33.74125498303047,1820.0135794336704,0
0.1441188554334491,254.16477215200217,32.86841901643577,1814.4612956292742,0
0.14086481231467382,251.20322445955887,33.05401699608218,1815.311198410898,0
0.1588708979729118,251.17866073055964,33.840298670368,1819.5569085471923,0
0.13993777612034466,252.44729802755006,33.32565922983016,1813.9880622523299,0
0.14331672643149912,251.39700245684574,33.09426880019763,1811.898181922062,0
0.15592067376951488,255.25911631818747,33.294169125930644,1814.039489995355,0
0.14219098134928584,250.63752643041232,33.05043757837905,1811.719459434089,0
0.13377357182012625,252.13217088833653,32.82281809638652,1807.2720112638158,0
0.1642045670572864,251.1732428259518,33.759037623783726,1820.9629476810426,0
0.3882989903488468,252.7062763491835,32.864642338536626,1809.0272759662967,1
0.37737046015978515,248.86112997617462,32.766944970430075,1807.9643867199059,1
0.1608540564776671,252.72022603541225,33.89406614798044,1821.894514153813,0
0.40163863302981706,251.45878096252662,33.614211233540956,1818.9673608362339,1
0.3995405207405409,250.20723306184914,33.52820728429467,1817.1197960870204,1
0.16942925793821742,254.7120129614565,33.63905866574464,1822.0223974907274,0
0.14191816750993236,253.4134144172507,32.55754817686184,1809.8089540745775,0
0.15933727557085992,254.48936015163494,32.923870734817875,1814.9837500094861,0
0.1659665265104454,255.47706567774424,33.83385188763381,1822.1590366731502,0
0.15069215543907175,255.62191432068266,33.13392966058699,1816.9634026595909,0
0.14357667853327882,252.90860958151222,32.95078927934211,1812.394289369695,0
0.1344898326650982,254.1701874593666,32.59451774049653,1810.2702114339497,0
0.14917297442995084,254.05418773738307,33.06739114348845,1810.972787251341,0
0.14003664108339772,253.9263179197527,32.986059202764366,1810.4129255689575,0
0.15110589456312673,253.65032023901756,33.59598986955795,1818.7786595868663,0
0.15595985994808506,251.63009336774206,33.432446786818055,1821.3317818167482,0
0.1589087578627498,255.5354715284014,33.379774979934936,1819.3958520018566,0
0.15009608734221258,251.47888958426276,33.25136367043074,1814.9644382019435,0
0.1573014405225357,254.6785344321245,33.60701828723452,1817.2878067214754,0
0.142187984917805,253.81166697714156,32.79577527699116,1813.6272038136863,0
0.1416122595625772,249.62918942474687,32.56533019706053,1807.805420094297,0
0.1496077787958806,252.35856298143594,33.503482634299004,1817.9236420517861,0
0.15529521818864142,249.91865439856858,32.906153887648934,1815.0377014940398,0
0.13612879089002997,250.6508875257874,33.025643122631166,1809.3849879319941,0
0.1519463557263026,251.1916273906793,33.10677721604723,1811.0098344868788,0
0.1571565209167833,252.52576127004127,33.64354283760095,1817.6478171165238,0
0.15678925704750687,252.22873038949606,33.07782977009497,1817.198735149155,0
0.3846804698415521,252.209444239376,32.65536184192222,1807.5305060219148,1
0.15180491448326383,253.37418013312336,33.26055925657333,1815.2958562974702,0
0.41423908661405234,253.3859629505213,33.37141636849498,1818.8690492052256,1
0.1394955392623254,252.48786958325414,32.45244698002148,1806.898799860048,0
0.14137045179037314,251.52708263471814,33.10097544902319,1814.2107006281237,0
0.13661263582863145,252.73231038069721,32.418292369521,1807.3240649736783,0
0.16004093329252075,254.56250168864693,33.75017800878668,1820.8079861133197,0
0.14228188496474736,250.69672324428143,32.565376503899174,1807.7429196260175,0
0.3976944525663783,251.74754466845152,33.028675501213485,1815.2248718666663,1
0.1278180288463121,251.22056773564992,32.6932827320797,1806.178306323428,0
0.160218010756924,255.98262020810068,33.52057303540528,1820.8124372510727,0
0.13658209614338235,251.46546548928833,32.87832032222241,1808.7091792043122,0
0.13391087232757126,250.87945265093296,32.696029555402866,1806.9908246402326,0
0.1580419193416049,251.0374919653508,33.2288415546837,1817.918708176026,0
0.14368064813244796,250.2494622293863,33.56602828486285,1816.1507439026598,0
0.14771583354352544,250.26044397307646,32.63181695676739,1809.7953709665524,0
0.16098767243623469,250.5830084621281,33.38798235735557,1817.7267306485655,0
0.14029297920220224,248.93025293888383,32.22416112748578,1806.082115067657,0
0.1521755219426475,249.3070373332541,32.87556019691139,1812.089427514451,0
0.1705233921039189,251.07437213340927,33.707578624607386,1820.8934714316285,0
0.14884316335527784,250.26873031374544,32.90718144080176,1809.6086107726665,0
0.13644312517984436,254.3768347679362,32.72577717058608,1808.5822377230388,0
0.13496700001007877,250.3266872888916,32.64614000834796,1810.97103171769,0
0.1583772309927466,251.10046038008863,33.55311018357989,1818.9547063826296,0
0.40790763070626845,253.29881289260646,33.090638167606926,1816.8754643808365,1
0.13853248901545231,254.9437187210985,32.9994977007655,1812.6084991060934,0
0.15012524615070105,253.7759349816167,33.252974749360796,1815.9449676595054,0
0.38853121306943206,250.87172193081153,32.50362721825321,1806.2015703623877,1
0.15067224096802256,251.18322230491734,33.24081124009206,1817.749912135131,0
0.1485804576367654,255.37043536274984,33.390944801852406,1817.2414160768756,0
0.15707728587031783,256.3346628456481,33.365377686296846,1819.026249493349,0
0.13026852496583094,253.44441200383193,32.17871865193967,1805.4949487147921,0
0.14911203985495194,254.2704983620433,32.80234173039262,1812.988218880233,0
0.14886659230895452,253.27119146854452,33.670336517396514,1817.3956315632004,0
0.1579592707595555,254.96157097446482,33.45726091587067,1817.6338112042747,0
0.15226220934219897,254.6946748687071,33.58394183576736,1819.551556442746,0
0.14800277365052078,250.45061869423535,33.00950389640747,1809.9399542776027,0
0.1278534611769114,253.6391450553408,32.38796797672753,1807.0844821960754,0
0.13676151201109552,248.80178414580925,32.54241611140899,1807.2277757548497,0
0.1645674391338667,252.6768074902321,33.41212033729332,1817.6124534143416,0
0.14412287307163912,255.06390631474298,33.3129537705813,1815.4018875828617,0
0.13573702361421203,251.47316962746606,32.289240909643226,1807.2709549707222,0
0.16238810045247667,251.52270702269573,33.257970776612595,1818.8790853228347,0
0.15960364161132562,252.07199138659985,33.4404276785457,1817.6993928194297,0
0.1525553097571993,253.15121568406394,33.39153289633155,1817.6996722253452,0
0.14399148450232233,253.7334776448621,32.594305119709716,1809.8756020478534,0
0.13357630366319448,251.1976786622721,32.44988221111864,1808.3087377157756,0
0.14674205917899302,254.72119574072053,33.260339550359056,1814.8472801234,0
0.15263020264094354,254.66650707532142,33.68468159536358,1820.0524539048267,0
0.14414874175577042,254.89302372453733,32.967829209387496,1815.3255565061256,0
0.1582460726375897,254.34986254033637,33.28310303052927,1817.6942172182078,0
0.12895070780785167,250.4695012719386,32.55906345448678,1809.1434603583016,0
0.163777276493832,255.19172234620115,33.76096192788287,1819.227990481563,0
0.14008668940907262,251.8631276712687,32.91119874526173,1808.336021585478,0
0.14985194170684715,252.31034957760215,32.87864174337691,1811.280334758197,0
0.157874893207873,250.8003012687755,33.34338934166115,1819.711962320817,0
0.16462241519375825,252.1243117319712,33.36624566404133,1818.727790828888,0
0.14247425994557344,255.66713373746492,33.46750921944744,1816.0570644167822,0
0.13327942318773783,253.8249329671463,32.903596767692875,1808.8244996097196,0
0.39225462367549346,251.18051705399566,33.237376456850335,1815.1619671357923,1
0.14468213125108026,250.82777518711296,32.789358419061,1811.3574907825625,0
0.15946231975200126,254.9399810326816,32.985062495513475,1815.7022099240808,0
0.14021917158654396,249.85994609278225,33.29588421872258,1813.2562839979848,0
0.15451877140067335,255.93026222005818,33.035307547996034,1816.4313173495018,0
0.15065592824374718,252.75643226510624,32.6993228638133,1812.0142289780165,0
0.13363511685210594,252.89832083930153,32.65582055539573,1805.1255557966722,0
0.1440578433325707,251.19211608810028,33.028439616099064,1812.7246475630755,0
0.15967151721138306,252.5241747133809,33.33399611510052,1815.910525706143,0
0.15121516573653204,250.8692249349828,33.14151790837666,1813.5812451374109,0
0.12995235577010894,251.83125685306436,32.338667372494236,1805.0995071988418,0
0.39611257656487964,253.1434771720058,33.18564656470495,1812.9936276874878,1
0.13425885031076368,248.6067009619713,32.50947118434842,1807.4044916053167,0
0.13205491528320873,251.2807641113758,32.90003862018654,1807.7139875705739,0
0.3901556315563932,252.4408559695621,32.90904112881457,1813.0078899938123,1
0.11735083266009416,248.24363101169115,32.09609750186423,1803.3082027050389,0
0.15220703200534236,251.636763913008,33.32137628547014,1815.976838743107,0
0.14121596998373115,249.38174793038337,32.50724124653247,1809.4373198306876,0
0.14217694033687744,253.22109338189676,33.11677386401411,1811.1530043650375,0
0.1280661166695965,250.4466826354209,32.27182272161746,1805.0872975788218,0
0.15706616714189542,251.99796196458402,33.52474210108337,1817.4540314300407,0
0.39635477009535436,254.08752034033768,33.64565768919113,1818.1617339957625,1
0.13597734854224797,252.37066903444907,32.29177239953907,1806.95071974163,0
0.13521784848473173,249.33146092736737,32.68721342735386,1808.9183940247567,0
0.1410906381156032,251.78246115607277,32.92208611207855,1814.7435189169826,0
0.3939769250956163,252.96843202234854,33.1767429851579,1813.3692626394295,1
0.14784507011145528,254.54561562780836,33.2717161983281,1812.7968003722794,0
0.12031906918513982,251.01292214210878,32.60107967629248,1804.4950961490122,0
0.12130101607625654,250.40202113587122,32.16922863300352,1802.7001009615867,0
0.1274908303906935,249.62762254058762,32.02652127554165,1803.1589912308425,0
0.14953374024692553,251.89113599855958,33.23471796633559,1812.8419418567705,0
0.13929415028129769,250.89481733586885,32.4243659825822,1806.757223541441,0
0.15924365117386793,252.36789650421372,33.45097526087852,1815.455473228522,0
0.14513593988493634,253.3138162652668,32.84728171601984,1811.5572282744658,0
0.1349705298687187,249.32795974344415,32.45451384499823,1808.1799715497373,0
0.1258409293582613,252.25481199213206,32.40595481473984,1807.6659870800731,0
0.1332449447504153,250.2220179871063,32.34512180740902,1807.5261834262553,0
0.13778445487008137,255.0366101375819,32.85582038831779,1811.7133018924908,0
0.14566637058058565,249.50113221208258,32.82251484404292,1812.9772882936988,0
0.14544591331764176,250.305674121469,33.31716375043722,1817.3329965330718,0
0.13394964584528007,250.54542167425623,32.06702620044798,1804.4126867831383,0
0.16151226098280205,251.79924990059675,33.065438752268136,1816.1969422018478,0
0.15245181502689134,250.77987228555384,33.10688648635218,1811.385775881341,0
0.1326342126719993,251.67282799690733,32.56436596631852,1807.9132352934546,0
0.14620503989303762,253.88893009931013,32.86370303308361,1810.48350182047,0
0.12670008177738118,248.4985699470897,32.3679051401216,1806.4038025216419,0
0.1328192703692435,250.13352068016488,32.74645418528955,1805.8325469221213,0
0.12987989977136108,250.5953561916193,32.26063478323891,1803.67760667147,0
0.1570554651896881,253.52912530947862,33.61168269834933,1817.2936730132496,0
0.11989818476771558,250.67308569481173,32.3014424103545,1804.5544970549488,0
0.1380264328373036,252.21822006840574,32.67191093304166,1804.9186703092794,0
0.1560804367283954,250.47324655966187,32.98920104000999,1815.1351204214488,0
0.1400180496859057,248.8951245192765,32.67174266098682,1805.5686039046989,0
0.1608561522528471,253.55505729501797,33.333452533686135,1816.792600901278,0
0.1364551485425328,250.32896966528628,32.270701243250805,1805.6095923574894,0
0.14502012259564853,254.47820823298474,32.754710604866176,1808.8542898415787,0
0.14978495339142828,255.28457655428014,33.2912916512855,1814.1571871811584,0
0.12399237860600086,252.55065752984171,32.42075247110629,1802.604691136663,0
0.12255666751285402,250.3857207105173,32.37369031401026,1801.7951432027328,0
0.15065103226744214,253.92660691568108,32.956036172701296,1815.557081450543,0
0.13949670839133477,251.26808484865316,32.72101294260092,1811.7543983119506,0
0.1392944407486654,247.96627294379212,32.23224219303646,1805.0727401839517,0
0.13865280894870802,249.13432955796296,33.107498420540836,1811.380210510892,0
0.14052831976350014,254.01098579511532,33.25113823987145,1813.8356570087417,0
0.39884653519728375,252.65515426176034,33.03679381582652,1810.9640532018645,1
0.3844854620517427,250.91275306355226,32.399973658046726,1808.167300715547,1
0.38793275616649026,253.74525283275435,32.237320937927024,1805.884025983153,1
0.14703566328522646,250.2551639270104,33.25531994864801,1815.5221748630745,0
0.13678413694361144,249.75757651649732,33.155436554933296,1812.889808357166,0
0.12529855239901916,252.69195807765735,32.22656909066742,1804.8392312104224,0
0.12949600845351317,251.03457041663273,32.76631037842172,1806.5330472142778,0
0.1425411424971641,250.98929975654798,33.106239892156744,1810.2356402881483,0
0.12384402757580654,250.03650982265674,32.38448939056763,1801.891174280105,0
0.14336675828434814,250.2258873292824,32.53164203813111,1809.85720692994,0
0.14696451338793556,252.4533238174445,33.21895486612262,1812.9572470198889,0
0.1442100264239043,250.8904951746442,32.83389034696984,1812.1380589837727,0
0.3944550660476419,250.65891529442732,32.511885675498455,1809.741080682559,1
0.38108672917945174,252.64255934680733,32.350644666037915,1807.781669011517,1
0.1408730250303857,253.7797136250837,32.73975385944906,1812.9682738231738,0
0.11761627141815918,252.2550279251055,32.004476578899,1801.1042028452343,0
0.1427397964466663,254.62536918808857,33.19766120909187,1812.0317240275679,0
0.15327789286254717,252.62125992066498,32.93507401601464,1814.7687537662412,0
0.12889006579006512,249.69397056821848,32.87442627086296,1809.4014001985295,0
0.14496976748917884,254.4820472979627,33.06958897044373,1809.8745058420816,0
0.38346712394936794,251.56965353027772,32.076444820649286,1803.9153233412346,1
0.12969055406173308,250.46780261939585,32.66138113519173,1804.8412655737645,0
0.12210901473712835,247.73827758668946,32.10973428721427,1802.3563748086924,0
0.138230839791233,249.28211350738712,32.642263122843254,1805.6119398844176,0
0.12719045737062246,252.2256871426987,32.74311979423663,1806.4378218935467,0
0.13011161258675397,252.06867831274275,32.06511323727904,1803.5394086886042,0
0.14239415440176606,249.82699315561456,32.66227921401145,1809.0650083680569,0
0.11772018546476239,248.25932445201164,32.18300544957991,1803.2791732115777,0
0.11608360466322126,249.79564061214262,32.4328776110502,1802.894868445061,0
0.12056239684420475,249.75112860555979,31.683039305567025,1798.855228327084,0
0.12414532852789623,251.03978764620157,32.61495308915699,1806.9734260526698,0
0.12966770652949927,252.85268691232113,32.643742535321834,1806.7152146855808,0
0.1258781037038218,248.30472493610867,32.820292270310276,1806.6835497042844,0
0.13769017207511894,249.11938056763498,32.66726495411022,1811.1892577079734,0
0.3881155886478662,251.13426668004303,32.856923388007566,1810.5768383922502,1
0.38535393084857616,252.6106687394058,32.32267692387273,1802.9350209861245,1
0.15050086827224646,251.98837567609584,33.16565288001225,1812.4466729004134,0
0.12026009492030978,248.99220669840736,31.967232421390054,1802.847693825218,0
0.13093957215286953,254.5271802906826,32.77559322359582,1809.8913415819632,0
0.3917422554037087,254.65334488881254,33.12890109084667,1810.4263043738517,1
0.12120677704515294,248.50092807597812,32.12683337530276,1803.6450576812338,0
0.133391383337249,253.70743424269446,32.865064205471604,1810.2260645727424,0
0.12293044404081092,249.76706425200115,32.41377195555981,1803.8661722279771,0
0.3822709381121585,251.64845848438662,32.16071757546429,1802.234057682119,1
0.12287211718073904,249.6632092286085,31.69455769941692,1799.873159311922,0
0.14038475317220056,252.3028412830231,33.03967132596508,1812.7734436449714,0
0.1289465575415087,249.50533692727137,31.752532380075582,1798.5963761380856,0
0.1217780380261415,250.4349236511278,32.064861662775336,1804.2315212148692,0
0.1335520235718252,251.40532167501158,32.04906287888938,1798.0359135057286,0
0.11601358627696662,252.8953353590818,32.35937907282384,1801.037536093949,0
0.1383567770218112,250.08418902779877,32.96732549629385,1808.4829907152346,0
0.1354904597291445,254.06099051988573,32.26559271468819,1806.5217972183998,0
0.14814526169980427,254.49522431233868,33.01558847000376,1809.6356149217,0
0.13827376181599513,252.11503061702086,33.155999447930895,1812.520166545628,0
0.12487142947453521,248.11474625327563,32.14594590587345,1800.7697099468014,0
0.1284164624133502,248.68992682148027,32.72631340183469,1809.087200038914,0
0.1456653949749047,250.40048613193233,32.756330915661,1811.4890605987355,0
0.3822425820050185,251.4023258072065,32.95070072371214,1810.1672982293771,1
0.120812895407858,249.49316549768557,32.43517412445644,1804.2214214679475,0
0.1332344593081121,253.57630854051035,33.18940234238177,1811.1681166641,0
0.13369509065551533,253.18496214814994,32.3656214645125,1802.6632810063036,0
0.11907224513313958,250.74914374511152,32.33461815023101,1802.0261087339468,0
0.12732461835257933,253.72378286946207,32.38394972525142,1806.7463797189414,0
0.11930583008853027,247.98356368373007,32.173600902658485,1804.2636154110085,0
0.14893821681145475,252.28334676393055,32.66664858238417,1809.9645166999744,0
0.13578634931245856,249.6499505771952,32.43445200062824,1805.305412118656,0
0.148365562031697,251.36298373712097,33.08844980716894,1810.2571987409838,0
0.1210949261366153,251.17690097554336,32.278576869506445,1803.5006619777348,0
0.36636517376902444,247.62707889367326,32.30196442436426,1801.1118287924037,1
0.13976174969263547,253.80688722911407,32.8670925930289,1810.7867541281475,0
0.1273756026527707,251.1036872914117,32.1942966879136,1800.9765731678665,0
0.3848551870763662,251.2798855820331,32.79168627360025,1809.602869274483,1
0.11487674801580508,249.06050859203094,31.964267437481606,1797.5617423396511,0
0.12188836677432326,248.162264904378,31.989212491810207,1796.317069925335,0
0.12647380505851277,252.63125117288797,31.625407926181673,1799.0565454116236,0
0.1387795260862748,250.59876684748346,32.6175785363538,1805.9055092522322,0
0.12719212787950163,248.16677227598464,32.16183434183466,1800.4282692746945,0
0.14885977332875044,253.25012403270756,32.95052032275689,1809.5813026367505,0
0.12062331319592906,251.08185947288598,32.458776427331856,1804.5270984347933,0
0.37631427434059406,252.2958370284575,31.982826281242858,1797.680590634844,1
0.1175808991129693,251.1380719062309,31.994944292825867,1799.1751495655747,0
0.12718462084086202,248.58507174567956,31.728040289362422,1796.4965951354795,0
0.14033208824624427,251.2143968607177,32.760147850407556,1808.0227777657722,0
0.1388787597846803,249.69247428985713,32.60318630535083,1805.8224708544667,0
0.12119422245965283,252.4677716066518,31.727924636376695,1797.758993312872,0
0.13280144632747534,253.72294314219928,32.59863367454619,1805.779995219712,0
0.12687537410338787,251.51027708768856,31.84387164448562,1800.5756305290834,0
0.12059546097336139,250.28915956038912,31.78871434445961,1794.81644934786,0
0.12678118658984544,252.14430782710153,31.948334698556682,1801.341883194489,0
0.13957142213687887,253.06351959930623,32.51002163982631,1809.7377550853942,0
0.12693591635567164,248.8499623562227,31.94473109540618,1797.0591125793496,0
0.13211882171106462,250.17334899919408,32.43128650598313,1807.9615322634413,0
0.1246209028566941,251.61428363691797,32.562470633548585,1804.805772440422,0
0.37483010325127913,252.35694661830857,32.82713094915801,1807.2934839108657,1
0.1214866533260838,249.59935194092182,32.08662449085185,1802.6755606678205,0
0.11976215115915684,247.25967489156858,32.07275529244699,1799.1641982761603,0
0.37707475099854837,248.69180834282236,31.825025194395145,1798.3170633329448,1
0.12352837878096057,250.9664427168542,32.238921516217005,1799.6531545825053,0
0.1314593199990033,247.0285902224626,31.69337935719189,1796.7797379841315,0
0.13372262375843683,247.03464287553956,31.79460139897298,1797.9423755302034,0
0.11963312467605228,248.7585711018343,31.987723743985725,1796.3164727092485,0
0.12622016432290717,250.22174555806396,32.325224420690475,1804.6448404819264,0
0.1222054867412307,248.10963694359444,31.71643135374019,1796.5825941900607,0
0.12897784850850538,249.02294500817297,32.759712687023864,1808.719129583603,0
0.12617205281554458,250.36468817321327,31.587593748748006,1797.9044194637315,0
0.1345974971634213,248.02861119445674,31.497178819555412,1797.351405112834,0
0.12486660710269454,249.40133885224233,32.41034281898455,1804.3042296092108,0
0.1256797878865482,249.1495221374489,32.810507109292956,1806.7808358992365,0
0.12331865348772252,251.35945529910782,32.60043632709849,1804.6330004025078,0
0.1176185712200867,251.15551694558903,32.23731794997044,1803.6553366931303,0
0.1181752965479099,252.02129652243107,32.26676500124784,1799.9027049024694,0
0.11880401782725987,247.65887367624526,32.556850405055414,1803.3830779049006,0
0.14022942318712592,248.52966534433864,31.671492613399547,1794.0307750449226,0
0.11133255507030126,250.43309147142574,32.088009817162245,1799.424264080653,0
0.129484763951721,248.01668277156492,32.05336162735487,1802.6018547420792,0
0.12300168184495437,249.63566693104428,32.65230472102503,1806.3633853823637,0
0.11808696665079234,249.13836343334674,31.575078232730515,1796.5817796320323,0
0.11538617057976881,253.0476310918747,32.25425048152061,1801.881593504522,0
0.13861487852952917,251.16198394970084,32.592217017700015,1804.980334183437,0
0.37854320290585763,250.4693310984912,32.29712309775185,1801.8924275193885,1
0.12591558435989275,249.8495971047073,32.08339571848825,1797.886696917628,0
0.12779111293421938,251.32275548198254,32.0587335741446,1797.7690740081587,0
0.1278749192861711,249.90452124346513,31.999658272465982,1801.8828513402507,0
0.1155062521106427,252.32881069014437,32.43081338002017,1802.1130625892351,0
0.3685176552816658,249.79108142053263,31.613278648265823,1798.7516331375102,1
0.11324490679840189,251.4843105491909,32.21078467986523,1799.431478781877,0
0.36715337013437604,248.31949292514676,32.014682954133086,1801.9817624417744,1
0.13884505481518586,250.87574228149856,31.650081927860754,1794.3943787108421,0
0.12996412936800705,247.26062241084554,31.322792793315262,1793.1160040692212,0
0.11738971439963007,251.94307977719535,31.901574336106613,1799.8430343875493,0
0.13680829254639806,248.26277595360895,31.93819337807004,1796.124003896826,0
0.12909732005616922,247.4740239501025,32.201835231787285,1799.2145343033385,0
0.11407032929174905,252.13552451303792,31.994156766210477,1799.9034660334944,0
0.13372956488494248,250.4238839105448,32.56575648007479,1804.3812239058138,0
0.1266536152158127,249.98752803396852,31.58144524644386,1793.4657249494865,0
0.1246280121036988,249.9995024611826,31.215643918113077,1792.7059153003413,0
0.11369253971922713,246.93284303141252,31.715959561872694,1798.9892735154933,0
0.126944036818328,248.51934783154653,32.239266515980354,1804.9293051369918,0
0.11709000732404046,247.14992646168622,31.977333168228743,1798.9085194796419,0
0.14065020599697808,249.66703742071053,31.37361435622952,1794.2735250286455,0
0.12660999139674442,250.65730862341817,31.725690947258773,1797.1040543400086,0
0.13199081089000939,250.98551338857686,31.450001691672885,1793.1241755053363,0
0.12446755995404973,247.49129123899905,31.67504469860409,1798.8225989162092,0
0.12909802507941737,248.00358778688567,31.516324876106847,1792.5135085986528,0
0.1315401394172095,245.92482068882435,31.478494790619706,1793.4226469030555,0
0.13884573982470186,249.18366308635447,31.279266055549257,1791.1839130370386,0
0.13635451632682188,249.14423171891036,31.230561542806125,1794.0571784601382,0
0.12584734479427742,249.55486101854297,32.4518137644602,1803.0727257973433,0
0.13294555798392868,251.76921227729116,31.57622221413409,1797.0769612036504,0
0.14408425712946735,250.789428816658,31.21215549634155,1790.9932480298924,0
0.13622913351624086,248.59087265930566,31.48876888241317,1790.7794826316683,0
0.13008440798253823,247.57860661300532,31.344898823229624,1790.6988502344796,0
0.12819050726884781,248.29613397452331,32.01793654954514,1796.4953392150421,0
0.12118598965864699,248.33439074718555,31.53105132008902,1795.0941419479161,0
0.12612673350073883,247.22580992691516,32.172094506679194,1800.9757101980779,0
0.110256245029796,251.81347005811233,31.984394600250685,1799.9250122417855,0
0.12925231249327904,250.1493004911517,31.582997535360672,1798.0389942486863,0
0.12279722517847352,248.06128285569537,32.27928379718995,1801.2185319251905,0
0.11530857362279663,247.99786538424135,32.06891377224817,1799.044523249109,0
0.1272603507857058,250.7706758285603,32.32837886771729,1801.0430221812137,0
0.12903969213083702,248.51412820400583,32.302958678477935,1803.1959328221346,0
0.11476273204294933,248.94754920826776,31.891271556288167,1800.3588242162293,0
0.14363330109494116,248.64947010687797,31.335849273030036,1792.2617345913648,0
0.13769313428015983,250.12764137028327,31.316207327425474,1789.981420504284,0
0.12668029775171172,248.83935264538647,31.976492395750693,1801.4165596512453,0
0.11781905588999221,247.92696583245663,31.797554334339335,1798.7855906779266,0
0.1312326152946329,249.5372213407119,31.419585369311466,1792.0300426219371,0
0.11556659627356866,247.69340301628225,32.228996724947415,1800.9060740798618,0
0.37206619876807884,247.5275691735513,31.50167905935357,1794.2783915438945,1
0.1259048729861622,247.66210758748997,32.036363193719204,1802.379064797351,0
0.14094660682300056,247.7651618361817,31.711381790401806,1793.40787847784,0
0.13510823944626246,249.23302554085876,32.52368189812068,1804.105406245579,0
0.15163681935143847,247.01052845658592,30.890592077662095,1789.1705164446137,0
0.38180996326874983,248.61614467040482,32.289109855432606,1800.9286986603533,1
0.1213908027052943,248.17775531986413,31.34035700501524,1794.5288575389734,0
0.3792137981003445,247.84068286270875,31.642588473906606,1796.936521004755,1
0.12531650025255325,247.23996839875406,32.07706376141977,1800.035223881267,0
0.12720021393722145,251.76288551346641,31.849719891430354,1797.6460335125346,0
0.1312206600148632,249.10601773209254,32.050965227299784,1796.956971663254,0
0.13430161181608347,251.45628090363417,31.342742306356968,1793.8177128608359,0
0.12825495848876442,251.71178501043025,31.45571685903833,1792.9888797413164,0
0.378623962856287,250.16997294748163,32.00977005058196,1797.8390201846935,1
0.134247227006088,248.27604218497703,31.677007992163873,1794.6517026357928,0
0.14385388527252735,249.37955631861487,31.1987674380689,1789.9818971292445,0
0.13944355677186993,249.0905851756564,31.124733931798545,1791.6376248823321,0
0.12646683618347784,251.7441562869936,31.848638220983602,1798.4441878242926,0
0.14739925177928243,248.92936012287203,31.159249420788267,1787.397348361885,0
0.12098830730927877,249.90670928005815,32.26576785886784,1799.8651971338818,0
0.13672306036824455,250.6213921839226,31.19625194446021,1789.4085950591375,0
0.11831093959959804,246.536058861834,31.622108694124453,1796.364423719978,0
0.15129626538312324,250.16657642478262,31.11703596251088,1788.161597364835,0
0.14748594692981765,246.40115446959794,31.427234969873183,1790.1179608882233,0
0.14743996563746403,245.6055873444311,31.48177588183608,1791.252396180304,0
0.3761799162595292,251.46515225161818,32.008840535138866,1796.5601370454997,1
0.14572163573331942,250.44251386789458,31.091619000101208,1791.892613468131,0
0.1206436104998182,247.69005861272365,31.868328437653933,1801.4658293247758,0
0.13525401625014782,245.81641907980983,31.186153410585547,1790.0586135494625,0
0.1478344783195712,250.7681922553092,31.37790095149931,1788.6756859093991,0
0.1351174175755108,247.1229897129102,31.435282349738,1790.703830392656,0
0.39059519520455266,248.92997322771762,30.914325827207065,1788.2555998824625,1
0.13397884988841038,247.162233851629,31.343797727505606,1789.4797942916325,0
0.14264759496358725,246.7484019120924,30.83136869889143,1788.5215824690065,0
0.12394418388623835,249.82333436477543,31.68908100508554,1798.8348989024237,0
0.1279779058982835,246.75372418819606,31.535335469620332,1795.8893902362984,0
0.12965882227197345,247.84491135362762,31.45265881743017,1790.740376133987,0
0.1286067305054476,251.1886721753698,31.834073194591568,1797.368758119218,0
0.14535711180423416,251.2667612645998,31.280615613800332,1790.722524882275,0
0.13663583742865779,249.9335299097689,31.14318044311015,1791.576006659737,0
0.13063688162093529,250.95197550530662,31.666586011065416,1793.2955969802042,0
0.14375140627437058,246.09079012810537,31.23229526268489,1790.7487664495634,0
0.1226598466277933,250.59336382419713,31.857506987195702,1800.652650134586,0
0.12969701069992084,248.45510065048666,31.492145421703135,1795.678117327807,0
0.1385962142757263,246.43168573356482,31.046894163381292,1787.55459641597,0
0.13940731496225675,250.43035796637318,31.247700026574844,1788.1534181954805,0
0.12888827580467793,250.76063559575152,31.329908236115983,1794.3013445314568,0
0.1539288434890999,249.34317994153488,30.953013888189744,1786.4867867704104,0
0.12277964667079133,251.4870360016538,31.495682718871475,1795.792252010126,0
0.14906606683259416,249.80682712574728,30.83428458845343,1789.173656924958,0
0.37536685436778466,248.5492819012497,31.54321384141337,1796.8998087619834,1
0.1255858242381951,247.41814771381644,31.661058115918333,1792.6076790714094,0
0.14221307749373757,247.74114380082426,31.330992874765556,1788.574151795474,0
0.1442595532139332,248.27207773944386,30.96596525519955,1787.170075534244,0
0.38266314093861475,247.47416298949284,31.694236226085106,1796.943960053433,1
0.14453418841783855,248.50174324906894,30.93134400292266,1787.8387133656763,0
0.12568455813983806,245.8882965010333,31.413577469040302,1792.6601510283108,0
0.13031663250589676,245.6105562996529,31.519386604521785,1791.44847959417,0
0.14814676042497807,245.5406264778212,30.783576836482283,1788.1726026559872,0
0.13998451767371642,249.793620807958,30.908518141599814,1788.805256392335,0
0.1329424649796114,247.747766656672,31.475810314627097,1796.256481706845,0
0.3812813043152252,246.17885427699196,31.716092672098252,1793.2325730221405,1
0.1308130781499905,247.92881585987286,31.8025134980652,1797.3459014433543,0
0.15428911845050763,249.8153720980716,31.039624982084813,1784.5341198417543,0
0.12880625845973967,250.9676816091809,31.608889402792066,1793.772367772706,0
0.11938264507692575,248.34469461921537,31.990106126266557,1798.0833242587867,0
0.1560707461477121,247.86101318500417,30.851797068081012,1784.0270885516966,0
0.133999377526569,247.638935767175,31.007159539570434,1788.789705266181,0
0.15024744184103986,246.17600079068703,31.33923301133378,1789.231124214755,0
0.11478214009051668,247.71260227769136,31.619687895281967,1798.5325352358554,0
0.1468948505879462,247.49265735825117,31.162423427159407,1786.019719978612,0
0.1428526331841791,249.91859035620064,31.383984561778277,1791.0854547774509,0
0.379224991330638,246.96607051678288,32.02708354691705,1797.9579854816673,1
0.14457247646966429,247.04307015351466,31.044173088667538,1786.8257366539933,0
0.12088925900805429,250.73128210343774,32.061037259322,1797.6941512611231,0
0.1441347836907504,247.12340890406588,30.71907422346928,1786.3536843632608,0
0.1503067317356656,246.05668504538679,30.953850170361754,1785.1611832740602,0
0.14271444532559316,245.82305215630933,31.096146498403453,1787.9812165657559,0
0.13314172877263641,249.9343688896023,31.59094481831235,1791.8687124792586,0
0.12539986463443734,250.57608463833512,32.029878232126364,1797.966120271836,0
0.1314293701896078,250.05012307862745,31.04755088283851,1789.393425741548,0
0.15005462197446917,244.94250565205286,30.815114908234364,1784.6125059944343,0
0.39926354181082724,248.97020658292718,30.64567673922278,1786.3167028896055,1
0.12534207246651627,246.8402337556668,31.488304234010258,1793.3616138554924,0
0.15136551290173755,250.6522394909969,31.26336110470853,1787.5046458439717,0
0.37051132496458705,246.98161174656803,31.816302359542455,1798.219525470844,1
0.12709566619997806,249.55295080681836,31.47214804949018,1793.717383160372,0
0.14281344308559227,250.45336109479865,31.26182930605538,1791.828800723322,0
0.14983124386546304,246.8345510950968,30.96885774385151,1788.1415233239507,0
0.15199185646951383,249.13402295821692,30.686047292885966,1783.8253927544415,0
0.14945559298898206,247.2391855862124,31.265718612376112,1788.5084396129987,0
0.13795768906927058,250.2998633001093,31.23614037687403,1787.2075931227805,0
0.13790621569425335,247.79100236281323,30.98382376215817,1790.8028540710934,0
0.3857574230212228,249.9822914466698,31.70214467242368,1792.7431766000338,1
0.14452299235686866,250.62685614113246,30.87913206525316,1788.8664621769308,0
0.15430116414590145,246.4233358466619,30.58128386070767,1783.3560517214578,0
0.12725796180711935,247.65102598117758,31.675546495883324,1795.1055985477674,0
0.3981301921818938,248.73372291460234,30.963354163132134,1787.6931331600938,1
0.38657010079966975,249.85476669602343,30.87171345259707,1788.2830766533332,1
0.1503660802550068,248.29209024492084,30.889743155802417,1788.6102620292813,0
0.1493886933103978,246.5023060435917,31.3298384905415,1789.8868334339954,0
0.129224732557138,250.19244383881727,31.989194509923248,1796.74177729005,0
0.13599586666266725,248.45050795166364,31.520892201486504,1793.7764473809493,0
0.13690849052365672,249.31928853164635,31.377865905474803,1794.875051893914,0
0.1512411763031002,246.44241905654238,31.00982582511959,1788.5300191736221,0
0.13753043650598135,248.51575682485682,31.154014430483087,1789.3194645619042,0
0.14582828050757207,249.65706575479152,30.435171177629,1782.1496501802799,0
0.14133554111101765,248.82881121966304,31.160245746891423,1787.7902904285954,0
0.13254068964902238,247.97684500470157,31.665138165913746,1796.5626350050493,0
0.15964243417860752,247.84756503334248,30.604024702077435,1781.7738427272095,0
0.12980453666324968,247.67460430087775,31.514731223491935,1796.3252657007736,0
0.13320520575794792,246.2255559780675,31.150288301602036,1789.999653130791,0
0.12504127323515657,248.1563386462592,31.704429988509915,1793.3206400050155,0
0.15921367318168267,244.63329309207774,30.610443835892337,1781.4176578288245,0
0.16653413356478683,244.4791282728247,30.71935545766401,1781.479839178092,0
0.3785051937150119,246.39359668831563,31.851372436418682,1794.9436769705621,1
0.3802106371846301,248.7321313768984,31.150233520012826,1790.1812056834615,1
0.12371492517033796,249.36823446598513,31.367469089215888,1793.5451174449233,0
0.12254996894734331,250.62256650840956,31.744711784438095,1796.4774073366984,0
0.1303689600988089,246.45999562704975,31.54996962857303,1795.3142055783576,0
0.12625813000734812,247.2970161313384,31.7125189300069,1794.1141205848612,0
0.12773527319000244,248.23865663765238,31.407852536704684,1795.632949799261,0
0.16098231440625888,244.0737978049797,30.389357659353664,1782.0335261727355,0
0.14244809605586406,247.9695450441277,30.918374717413826,1787.7216751252572,0
0.14570118768422335,246.07858221020481,31.363340634043183,1789.75101545579,0
0.3984865613433432,248.34961282663446,30.70394684719768,1784.8412751424132,1
0.16182939660550813,244.75086100909152,30.419701427256403,1781.0569386186257,0
0.15869099269416223,246.01377578289328,31.00056391293491,1784.611403095585,0
0.1494731116164179,249.61409897973718,30.803301561084737,1786.987282624708,0
0.12602917491484708,250.26645048932528,31.42208187729769,1793.548582249665,0
0.12952028200736249,251.344878734916,31.1465587927399,1791.0521553443855,0
0.13371696748812767,250.25088328559497,31.972743743141194,1796.0796972950166,0
0.13120158676193433,249.65002319009773,31.39974521248222,1794.0760187438816,0
0.1472608274355866,249.76558996892007,30.859123156425415,1787.011904449052,0
0.1363113189220239,249.45101723562198,31.719618405512005,1795.0770726657884,0
0.1501234369595654,248.80062087816992,30.6182018637534,1780.339670111071,0
0.15582694558884158,245.77138699747024,30.605404001304247,1784.7401608441596,0
0.16631207161824668,247.73741974315894,30.306411497178242,1781.6354797418828,0
0.15161586580129705,247.94310808777644,30.91664907950736,1785.1344853724374,0
0.13730549280497586,249.65065448291637,31.085955864887,1789.1064805413175,0
0.14063815622471548,249.8506298484678,31.11473758056454,1790.9342235871868,0
0.4105763953344969,248.63559739833755,30.24032600623345,1780.7717720054618,1
0.13653951035499604,251.04595243297888,31.226033469305808,1791.5155285216972,0
0.38728950584596455,246.2423717166806,30.681908191021698,1787.171234277066,1
0.14139312333238546,246.20916338037372,31.13863024296797,1789.7848903610875,0
0.13048548251310427,250.58936269143618,31.500095752535834,1790.26142647947,0
0.13414666835626096,245.490970312981,31.08981565559756,1788.6206066809114,0
0.1481094116695914,245.16170466919968,31.05125680305053,1785.011199538799,0
0.1555410616607296,249.55898813165606,30.751905946388487,1784.207797024687,0
0.39832947008226627,247.027956636833,31.331340821372105,1790.2945113991877,1
0.15567086674992325,247.88319384430528,30.533367825870315,1783.7829124761784,0
0.15716910017351238,247.32747166089757,30.50932715571829,1779.6507540380987,0
0.1422202011484017,249.25924591110606,30.567472832454783,1784.834088402404,0
0.13862683787356936,249.5208687824085,30.93860872748411,1789.7068532320977,0
0.1619189197734827,245.7487209588889,30.192971277072402,1781.1619105720647,0
0.16814849770332121,249.04449640810338,30.379160324264838,1779.4372585025992,0
0.1461312843764013,247.01602992269295,30.744880697471572,1787.4230858272253,0
0.3911544015974673,246.2565520191724,30.67397563035423,1785.3724519535501,1
0.15499281397129439,246.9412637440455,30.847971981821246,1781.944628583419,0
0.13623917861450288,248.0625729485943,31.65004058186203,1795.0051489031903,0
0.15268103727605936,246.27808829371054,30.942016217965897,1785.4813982545213,0
0.14333205998222232,249.20193388475062,30.90650712460783,1789.1188950911821,0
0.13796147981357312,249.76488813949248,31.505223653968304,1791.0188500128613,0
0.15186562281241928,246.40247067912648,30.26842198296642,1781.9126024505597,0
0.1275327823708282,251.42891889328868,31.216875967109353,1792.4891067135707,0
0.39780881578947175,245.0878734787786,30.97208514242306,1786.5093363143385,1
0.15987636882980688,244.89339235527964,30.49177376723875,1780.5052644614398,0
0.13615661958002873,249.67840060880002,31.07718654754524,1791.902989645466,0
0.16061679679017501,248.9203183389004,30.761859104941617,1783.6709545393499,0
0.14202889193264023,248.06822722340547,31.150510227298078,1790.3952093146675,0
0.3873627352465882,250.6509078157953,31.226266638108637,1789.9048481962418,1
0.15794031974190711,248.27776511711002,30.429737901967606,1783.6951132912627,0
0.14628629523968587,247.82059222940887,31.09111355926808,1789.4193902943814,0
0.12534727025116194,249.342809568946,31.332994521885194,1793.5308382743847,0
0.14761150847815066,247.26130364404102,30.5042059328989,1784.5872984340203,0
0.14095768083237514,247.1553111222341,31.42173398089627,1789.0385543436269,0
0.157659227459008,245.78100217717676,30.655455586912492,1780.3186428257095,0
0.14019580197332787,249.27532120696927,30.930265034456223,1785.516561914644,0
0.13544397535685912,247.84711752063075,31.376126394536893,1788.79233546527,0
0.14138513328833888,245.5448340762113,30.95593926341288,1787.6882774494932,0
0.15227300586291206,243.92271698793536,30.616763919774524,1780.9518064234899,0
0.14585564691872444,246.8844438020073,31.25050724995347,1787.8419926648146,0
0.147452601539927,250.0959081425004,30.702144557432234,1786.932204833169,0
0.14703146288039634,246.5363991862989,30.425979576543245,1782.9987237791554,0
0.16606773354976204,246.83288800162475,30.625138705380774,1779.517469399571,0
0.16363972793191373,248.27850955118848,30.344588710852655,1779.4810673026598,0
0.14728293980223647,249.11915964410122,30.87268718279076,1782.6019885131905,0
0.1488567423941308,246.00794406916356,30.611198357779436,1780.9744839907146,0
0.14864132407854186,247.6199997773762,31.253709935642817,1787.401844833671,0
0.14306665111392536,246.30933252418967,31.17659066245719,1793.2918871655977,0
0.1537152991991072,247.72110270025092,30.3825803384591,1782.5409067975847,0
0.17024579626976344,245.501496428404,30.371767453893234,1778.901134626225,0
0.1562453271643327,249.27284307297566,30.53559460764018,1785.0822122626364,0
0.15384602537649125,249.00788821203497,30.869778623438513,1783.623857559638,0
0.13728624904245948,251.03736666852367,31.29900068880481,1790.498286160927,0
0.14730667690180096,248.19821639670465,30.840546139118633,1787.6031694433723,0
0.16757500295217856,246.33330404466653,30.370569289221976,1778.849421217414,0
0.1417666292991075,245.91650458211436,30.830865227843024,1788.5350223984658,0
0.1488582635083737,245.98158729993767,30.418613858387754,1781.0823703020171,0
0.15567548040813392,245.27163081231834,30.773968530373068,1785.5537258766406,0
0.16389854766552928,246.57819978884805,30.045844180447254,1778.7893846640063,0
0.3875763758480082,245.19382300948357,31.211775457042524,1786.6987605599952,1
0.16148419004611195,243.8019637701113,30.48185220986247,1780.7136267912183,0
0.12914252076840171,246.43543312456583,31.174016682739364,1791.2006149180638,0
0.15556567301736612,245.49045312410001,30.385188046499515,1779.675637916251,0
0.13559190828485723,247.24616690241788,31.359757312860403,1788.6296114079025,0
0.16563557392070866,247.05049724877927,30.01343697638596,1778.8865563776149,0
0.13953823068735008,246.39699795616409,30.78694060873716,1785.4709351047738,0
0.1636072375043352,247.62613383510535,30.609230540193934,1779.189978498254,0
0.14417037992256584,245.17339383935632,30.55291173620774,1783.8844667483713,0
0.3926735436379851,250.44914854567827,31.101287478365297,1788.4141269096751,1
0.16156321813784172,249.72276455054907,30.473374636398987,1782.042649053207,0
0.1314492348016232,247.86994766480444,31.52013018230756,1791.521956575606,0
0.13965328984786418,247.7748445467195,31.261729923796597,1793.1649347871157,0
0.15822362109683766,248.98356868317495,30.78416043265732,1784.2143071848425,0
0.15594155154840678,245.612149046853,30.389558171264984,1778.4290979930142,0
0.16212951550885105,244.91339484231804,30.723807432166655,1783.9005053335607,0
0.14562572444289448,249.77504961168697,30.481766312328066,1783.7745054122959,0
0.1302996243476224,247.68063753491367,31.649587003598352,1791.933341726274,0
0.1468681132079258,247.88861385175144,30.762558191178442,1785.144055889393,0
0.16113053470920097,246.81622270573797,30.380599935110904,1779.969450407498,0
0.13860515211992952,249.74550954039785,30.85477885652999,1789.2457424954669,0
0.15828453876152854,248.45315686768168,30.639503076469545,1781.5316400607965,0
0.1384660925381434,246.24577760508092,30.960808604194767,1787.0987749876035,0
0.14194326953007552,244.6826240357586,30.961041552693786,1786.9102104945575,0
0.14672656860426841,247.24667897093747,30.690859248471973,1781.8761783505706,0
0.1516648022690435,247.16881885462504,30.389535197142326,1780.0818187836496,0
0.4103423039873146,245.26079284025232,30.71639378016687,1783.7945945910328,1
0.14571471284293072,248.97053240444657,31.33020850008499,1791.049228133153,0
0.16001367733685132,247.57498146241838,30.879802038810794,1784.123576000473,0
0.1518648505213674,245.51499879885546,30.34207834736033,1781.5361450152736,0
0.39904801689868974,245.08288543646364,30.886315796254195,1786.6301993488635,1
0.15436204520053634,245.09231277456416,30.407560433761404,1779.958924186715,0
0.14261317619149716,249.24695520543528,30.92329329007713,1790.1872001066176,0
0.12885677708116075,250.8967284969553,31.08083859053372,1792.1094485145518,0
0.1511667692022155,250.10775307979182,30.994398837741777,1786.2072814438486,0
0.1502247460847234,245.2586526637493,30.967144803969628,1788.6851509805817,0
0.1313930723858008,246.30054715143856,31.174512860928978,1791.509974403317,0
0.14449677249486165,248.8738524928648,30.916318129298052,1785.1422775933195,0
0.14992814988310613,249.64327514983225,30.517035806426083,1782.132827832749,0
0.1414893237972214,250.16851636495292,31.247971104686133,1792.0742472313582,0
0.12748949365085618,249.6914899093489,31.341127314501346,1792.5624264104695,0
0.14748071514941372,246.4078947509724,30.728426883238974,1786.3042018419867,0
0.13980822950000107,247.16721595250405,31.14057941833553,1787.4181321590129,0
0.16765602252975909,245.66900593641572,30.591193586356734,1780.2645156794904,0
0.1307953032933635,251.19523809204804,31.52211310541498,1791.4304822387105,0
0.15472561513385136,244.50388890918774,30.33737311429652,1782.4989289741231,0
0.16323966430323217,245.59910768819054,30.756100142282442,1782.1350543523429,0
0.1313880326590646,249.48106534731588,31.420625355080485,1790.7729348106195,0
0.1440685294489362,248.70922538107757,30.936692385451916,1787.9715284498402,0
0.16811963548842096,248.38205393761177,30.20436983169728,1778.9641425613258,0
0.1386913305487978,250.12089585606358,31.27949133974183,1792.2774721129083,0
0.14283804527470978,246.38000896408616,31.261035081470144,1792.1660419081607,0
0.13724464054102162,250.24040775844256,31.21870011198805,1788.9008270908407,0
0.16374381210734285,248.1135013175101,30.361107082259622,1777.882851098656,0
0.16155211813677942,244.48352145898411,30.5789082953228,1779.713037248011,0
0.14882865090411446,249.3072923303096,30.87816042374488,1785.1946579300086,0
0.1500496865903165,248.9315430414963,30.83233645234847,1788.3636953238824,0
0.15887101451662708,244.58282037310147,30.853024433217005,1782.818208744035,0
0.1468484264949353,249.4891669407289,31.023514256934657,1791.1899529489529,0
0.16617201654185904,245.4298580317169,30.35604098716002,1781.3345739239564,0
0.1436268897287205,247.25841148235833,30.447049091478288,1783.2937081125933,0
0.15106493861980003,247.04678346017613,30.54699114988338,1782.9084468685944,0
0.13799558643542986,246.2245908978741,31.289695288167753,1791.0797851641707,0
0.1612629735199608,247.15219385230014,30.224016498857498,1780.9999757297717,0
0.14640401570944284,248.99744125199885,30.871447836329864,1783.755118546275,0
0.14772580912148395,248.57932814818327,30.67110257083984,1783.703567511119,0
0.16564647476293237,246.3957129629678,30.628358640580334,1782.134107139047,0
0.14904191771416253,246.36603405715465,30.334556600683232,1782.521462206603,0
0.1728656709016945,247.31482594798484,30.40947761556548,1777.005958661462,0
0.16662128079034394,248.7801850327876,30.05493496908801,1778.9296514925572,0
0.15915270184572444,245.45310381341034,30.32039314457719,1778.911968151724,0
0.13369687422641716,250.8973255511884,30.846959374912394,1788.5074651948562,0
0.1550353637991597,245.3678067492059,30.043676922569936,1777.8718965639048,0
0.1585646817149158,246.89859925849825,30.56439219438434,1782.4735268782165,0
0.14381378881291262,248.12164395995765,30.97583190996475,1790.8735686583757,0
0.15558645158116524,245.74707351554528,31.072334992950957,1784.7524678214747,0
0.12614922573721657,249.96006207333468,31.64644285019547,1792.899056069304,0
0.16041287316452893,247.79861499742017,30.11337719221502,1777.1411076349852,0
0.13560708216082717,246.69642836141912,30.922330796888684,1790.2746504198476,0
0.1648499689037957,244.81165846147897,30.06271546200297,1778.1305112469583,0
0.16195593309725356,246.91124604940129,30.871544830318207,1783.0750234414784,0
0.15368460586688482,244.9626956382106,30.5728390488741,1778.7599665155606,0
0.16129532572706276,244.52809843202292,30.37328822161989,1782.1839514457056,0
0.17009695713042772,244.36901956280832,30.065986700287365,1779.045816471645,0
0.15753797072640838,245.92315638116312,30.60955363585938,1785.7854965511765,0
0.1507048592795394,246.4310572674879,30.59475440842777,1779.7798584892832,0
0.1423055064176619,250.89697728556402,31.609000920655532,1792.0434954866455,0
0.15425716346358953,246.05547638639112,30.404737721210413,1781.6419575782222,0
0.15402793213654223,245.2009567710866,30.48768394425351,1779.661699324774,0
0.14319936959219223,246.10865814172266,31.332134241383965,1789.855658768009,0
0.1612281052675302,243.37266891711872,30.20810691960875,1778.5211126691345,0
0.13220235923842769,245.89457701988601,31.66594683856274,1792.4220909233115,0
0.14598940795987195,248.59620665998773,30.942050751216406,1783.4172866554359,0
0.13979989644520543,247.7689779868166,31.35716167277651,1792.8523971663878,0
0.16829052590351282,248.94825178733308,30.20644288709217,1780.235378443925,0
0.137018193994414,246.7013632782873,31.15946271648231,1787.1812723719067,0
0.13825763754799697,248.30292728012014,30.90207458747745,1787.3562490424383,0
0.14731005019497068,245.421034068632,30.44430977911052,1783.311856875643,0
0.1489317387959894,246.92409916637072,31.060161628136687,1787.4949292176757,0
0.16504215935605718,244.56884724312516,30.42048905150175,1780.4883075373857,0
0.14092757302252687,245.59957627839248,31.21575097668167,1791.3749147378269,0
0.1575821999600707,245.2600878708193,30.318006722988134,1782.3070276354458,0
0.15885453709547898,243.67800768866036,30.072498255234485,1778.552503807219,0
0.15771667700168837,244.77341903135434,30.180247017757093,1777.3741360804813,0
0.15435781376884347,247.827623290186,30.669822342668798,1779.8790368854725,0
0.1377742003444836,246.63527656568823,31.349075314847582,1791.4584920193213,0
0.13346977616179617,250.1164101549419,31.25557767680849,1791.9859344687309,0
0.3868070852179673,250.94810593028362,31.548416646739323,1792.5707498167505,1
0.1516060449480956,248.12744844953303,30.496362834185938,1781.4667629206674,0
0.16093010045297307,246.8161968740453,30.637316127658266,1784.1504570948891,0
0.15535256124628055,248.51543688083194,30.88679102058154,1783.0132742096782,0
0.16122230083526662,246.09677422881214,30.590101984906575,1782.8735673264293,0
0.13987788350871097,250.47650347387622,31.472112713453875,1792.4773311201634,0
0.15051723916315096,248.11936314224707,30.43156952596895,1783.760143130792,0
0.14381308297816248,246.21788081507648,31.069461451437924,1789.440899921959,0
0.1434238467613259,249.00894615526772,30.71901370147317,1786.2071883543151,0
0.16239953571107316,249.3140758169126,30.75648130163276,1780.9514823426323,0
0.1502692391744889,248.56453075817168,31.048043034927762,1785.1158738152094,0
0.39475651457010164,244.24833824487519,30.548593365383717,1784.6815430737188,1
0.13688526697628045,250.80888344203962,31.30065010563404,1793.1904736068998,0
0.16195579130210958,247.7919348570736,30.538839338396983,1780.024618449941,0
0.3804296082824721,249.667076598822,31.500266526869623,1793.20160698567,1
0.13260787081132072,250.44988101893233,31.129588044658743,1791.9744929731978,0
